State ,!=,#,$,(,),*,+,£¬,-,/,;,<,<=,=,==,>,>=,char,char_const,else,float,float_const,id,if,int,int_const,return,void,while,{,},ActualParaList,AddExpression,AddExpressionLoop,AssignSentence,CallFunction,ConstValue,ElseSentenceBlock,Expression,ExpressionLoop,FTYPE,Factor,FactorLoop,FormalPara,FormalParaList,FunctionStmt,IfSentence,If_M1,If_M2,If_N,InternalStmt,InternalVariableStmt,Item,ItemLoop,Para,ParaLoop,Program,Relop,ReturnExpression,ReturnSentence,Sentence,SentenceBlock,SentenceLoop,SentenceString,Stmt,StmtLoop,StmtString,StmtType,VariableStmt,VariableType,WhileSentence,While_M1,While_M2,
0, , , , , , , , , , , , , , , , , , , , , , , , , , , , , , , , , , , , , , , , , , , , , , , , , , , , , , , , ,1, , , , , , , , ,3,2, , , , , , ,
1, ,acc , , , , , , , , , , , , , , , , , , , , , , , , , , , , , , , , , , , , , , , , , , , , , , , , , , , , , , , , , , , , , , , , , , , , , , ,
2, ,r1, , , , , , , , , , , , , , , , , , , , , , , , , , , , , , , , , , , , , , , , , , , , , , , , , , , , , , , , , , , , , , , , , , , , , , , ,
3, , , , , , , , , , , , , , , , , ,s9, , ,s8, , , ,s7, , ,s6, , , , , , , , , , , , , , , , , , , , , , , , , , , , , , , , , , , , ,4, , , , ,5, , , ,
4, ,r2, , , , , , , , , , , , , , , ,r3, , ,r3, , , ,r3, , ,r3, , , , , , , , , , , , , , , , , , , , , , , , , , , , , , , , , , , , , , , , , , , , , ,
5, , , , , , , , , , , , , , , , , , , , , , ,s10, , , , , , , , , , , , , , , , , , , , , , , , , , , , , , , , , , , , , , , , , , , , , , , , , , ,
6, , , , , , , , , , , , , , , , , , , , , , ,s11, , , , , , , , , , , , , , , , , , , , , , , , , , , , , , , , , , , , , , , , , , , , , , , , , , ,
7, , , , , , , , , , , , , , , , , , , , , , ,r7, , , , , , , , , , , , , , , , , , , , , , , , , , , , , , , , , , , , , , , , , , , , , , , , , , ,
8, , , , , , , , , , , , , , , , , , , , , , ,r8, , , , , , , , , , , , , , , , , , , , , , , , , , , , , , , , , , , , , , , , , , , , , , , , , , ,
9, , , , , , , , , , , , , , , , , , , , , , ,r9, , , , , , , , , , , , , , , , , , , , , , , , , , , , , , , , , , , , , , , , , , , , , , , , , , ,
10, , , ,s16, , , , , , ,s15, , , , , , , , , , , , , , , , , , , , , , , , , , , , , , , , , , ,14, , , , , , , , , , , , , , , , , , , , , ,12,13, , , , ,
11, , , ,s16, , , , , , , , , , , , , , , , , , , , , , , , , , , , , , , , , , , , , , , , , ,17, , , , , , , , , , , , , , , , , , , , , , , , , , , ,
12, , , , , , , , , , , , , , , , , ,r5, , ,r5, , , ,r5, , ,r5, , , , , , , , , , , , , , , , , , , , , , , , , , , , , , , , , , , , , , , , , , , , , ,
13, , , , , , , , , , , , , , , , , ,r10, , ,r10, , , ,r10, , ,r10, , , , , , , , , , , , , , , , , , , , , , , , , , , , , , , , , , , , , , , , , , , , , ,
14, , , , , , , , , , , , , , , , , ,r11, , ,r11, , , ,r11, , ,r11, , , , , , , , , , , , , , , , , , , , , , , , , , , , , , , , , , , , , , , , , , , , , ,
15, , , , , , , , , , , , , , , , , ,r12, , ,r12, , , ,r12, , ,r12, , , , , , , , , , , , , , , , , , , , , , , , , , , , , , , , , , , , , , , , , , , , , ,
16, , , , , , , , , , , , , , , , , ,s9, , ,s8, , , ,s7, , ,s20, , , , , , , , , , , , , , , ,18,19, , , , , , , , , ,22,21, , , , , , , , , , , , , ,23, , , ,
17, , , , , , , , , , , , , , , , , ,r6, , ,r6, , , ,r6, , ,r6, , , , , , , , , , , , , , , , , , , , , , , , , , , , , , , , , , , , , , , , , , , , , ,
18, , , , ,s24, , , , , , , , , , , , , , , , , , , , , , , , , , , , , , , , , , , , , , , , , , , , , , , , , , , , , , , , , , , , , , , , , , , , ,
19, , , , ,r14, , , , , , , , , , , , , , , , , , , , , , , , , , , , , , , , , , , , , , , , , , , , , , , , , , , , , , , , , , , , , , , , , , , , ,
20, , , , ,r15, , , , , , , , , , , , , , , , , , , , , , , , , , , , , , , , , , , , , , , , , , , , , , , , , , , , , , , , , , , , , , , , , , , , ,
21, , , , ,r17, , , , , , , , , , , , ,s9, , ,s8, , , ,s7, , , , , , , , , , , , , , , , , , , , , , , , , , , , , ,25, , , , , , , , , , , , , , ,26, , , ,
22, , , , ,r18, , , , , , , , , , , , , , , , , , , , , , , , , , , , , , , , , , , , , , , , , , , , , , , , , , , , , , , , , , , , , , , , , , , , ,
23, , , , , , , , , , , , , , , , , , , , , , ,s27, , , , , , , , , , , , , , , , , , , , , , , , , , , , , , , , , , , , , , , , , , , , , , , , , , ,
24, , , , , , , , , , , , , , , , , , , , , , , , , , , , , ,s29, , , , , , , , , , , , , , , , , , , , , , , , , , , , , , , ,28, , , , , , , , , , , ,
25, , , , , , , ,s30, , , , , , , , , , , , , , , , , , , , , , , , , , , , , , , , , , , , , , , , , , , , , , , , , , , , , , , , , , , , , , , , , ,
26, , , , , , , , , , , , , , , , , , , , , , ,s31, , , , , , , , , , , , , , , , , , , , , , , , , , , , , , , , , , , , , , , , , , , , , , , , , , ,
27, , , , ,r21, , , , , , , , , , , , , , , , , , , , , , , , , , , , , , , , , , , , , , , , , , , , , , , , , , , , , , , , , , , , , , , , , , , , ,
28, , , , , , , , , , , , , , , , , ,r13, , ,r13, , , ,r13, , ,r13, , , , , , , , , , , , , , , , , , , , , , , , , , , , , , , , , , , , , , , , , , , , , ,
29, , , , , , , , , , , , , , , , , ,s9, , ,s8, , , ,s7, , , , , , , , , , , , , , , , , , , , , , , , , ,32,33, , , , , , , , , , , , , , , , , ,34, , , ,
30, , , , ,r19, , , , , , , , , , , , , , , , , , , , , , , , , , , , , , , , , , , , , , , , , , , , , , , , , , , , , , , , , , , , , , , , , , , , ,
31, , , , , , , ,r21, , , , , , , , , , , , , , , , , , , , , , , , , , , , , , , , , , , , , , , , , , , , , , , , , , , , , , , , , , , , , , , , , ,
32, , , , , , , , , , , , , , , , , , , , , , , , , , , , , , , , , , , , , , , , , , , , , , , , , , , , , , , , , , , , , , ,36,35, , , , , , , , , ,
33, , , , , , , , , , ,s37, , , , , , , , , , , , , , , , , , , , , , , , , , , , , , , , , , , , , , , , , , , , , , , , , , , , , , , , , , , , , , ,
34, , , , , , , , , , , , , , , , , , , , , , ,s38, , , , , , , , , , , , , , , , , , , , , , , , , , , , , , , , , , , , , , , , , , , , , , , , , , ,
35, , , , , , , , , , , , , , , , , , , , , , , , , , , , , , ,s39, , , , , , , , , , , , , , , , , , , , , , , , , , , , , , , , , , , , , , , , , , ,
36, , , , , , , , , , , , , , , , , , , , , , ,s45,s48, , ,s46, ,s47, , , , , ,44, , , , , , , , , , , ,41, , , , , , , , , , , , ,43,40, , , , , , , , , ,42, , ,
37, , , , , , , , , , , , , , , , , ,s9, , ,s8, , , ,s7, , , , , , , , , , , , , , , , , , , , , , , , , ,49,33, , , , , , , , , , , , , , , , , ,34, , , ,
38, , , , , , , , , , ,r25, , , , , , , , , , , , , , , , , , , , , , , , , , , , , , , , , , , , , , , , , , , , , , , , , , , , , , , , , , , , , , ,
39, , , , , , , , , , , , , , , , , ,r22, , ,r22, , , ,r22, , ,r22, , , , , , , , , , , , , , , , , , , , , , , , , , , , , , , , , , , , , , , , , , , , , ,
40, , , , , , , , , , , , , , , , , , , , , , ,r27,r27, , ,r27, ,r27, ,r26, , , , , , , , , , , , , , , , , , , , , , , , , , , , , , , , , , , , , , , , , , ,
41, , , , , , , , , , , , , , , , , , , , , , ,r29,r29, , ,r29, ,r29, , , , , , , , , , , , , , , , , , , , , , , , , , , , , , , , , , , , , , , , , , , , ,
42, , , , , , , , , , , , , , , , , , , , , , ,r30,r30, , ,r30, ,r30, , , , , , , , , , , , , , , , , , , , , , , , , , , , , , , , , , , , , , , , , , , , ,
43, , , , , , , , , , , , , , , , , , , , , , ,r31,r31, , ,r31, ,r31, , , , , , , , , , , , , , , , , , , , , , , , , , , , , , , , , , , , , , , , , , , , ,
44, , , , , , , , , , , , , , , , , , , , , , ,r32,r32, , ,r32, ,r32, , , , , , , , , , , , , , , , , , , , , , , , , , , , , , , , , , , , , , , , , , , , ,
45, , , , , , , , , , , , , ,s50, , , , , , , , , , , , , , , , , , , , , , , , , , , , , , , , , , , , , , , , , , , , , , , , , , , , , , , , , , , ,
46, , , , , , , , , , , , , , , , , , , , , , , , , , , , , , , , , ,53, , , , ,52, , , , , , , , , , , , , , , , , , , ,51, , , , , , , , , , , , , , ,
47, , , , , , , , , , , , , , , , , , , , , , , , , , , , , , , , , , , , , , , , , , , , , , , , , , , , , , , , , , , , , , , , , , , , , , , ,54, ,
48, , , ,s55, , , , , , , , , , , , , , , , , , , , , , , , , , , , , , , , , , , , , , , , , , , , , , , , , , , , , , , , , , , , , , , , , , , , , ,
49, , , , , , , , , , , , , , , , , , , , , , ,r24,r24, , ,r24, ,r24, , , , , , , , , , , , , , , , , , , , , , , , , , , , , , , , , , , , , , , , , , , , ,
50, , , , , , , , , , , , , , , , , , , , , , , , , , , , , , , , , ,57, , , , ,56, , , , , , , , , , , , , , , , , , , , , , , , , , , , , , , , , , ,
51, , , , , , , , , , ,s58, , , , , , , , , , , , , , , , , , , , , , , , , , , , , , , , , , , , , , , , , , , , , , , , , , , , , , , , , , , , , , ,
52, , , , , , , , , , ,r35, , , , , , , , , , , , , , , , , , , , , , , , , , , , , , , , , , , , , , , , , , , , , , , , , , , , , , , , , , , , , , ,
53, , , , , , , , , , , , , , , , , , , , , , , , , , , , , , , , ,59, , , , , , , , , , , , , , , , , , , , ,60, , , , , , , , , , , , , , , , , , , ,
54, , , ,s61, , , , , , , , , , , , , , , , , , , , , , , , , , , , , , , , , , , , , , , , , , , , , , , , , , , , , , , , , , , , , , , , , , , , , ,
55, , , , , , , , , , , , , , , , , , , , , , , , , , , , , , , , , ,63, , , , ,62, , , , , , , , , , , , , , , , , , , , , , , , , , , , , , , , , , ,
56, , , , , , , , , , , , , , , , , , , , , , ,r33,r33, , ,r33, ,r33, , , , , , , , , , , , , , , , , , , , , , , , , , , , , , , , , , , , , , , , , , , , ,
57, , , , , , , , , , , , , , , , , , , , , , , , , , , , , , , , ,64, , , , , , , , , , , , , , , , , , , , ,60, , , , , , , , , , , , , , , , , , , ,
58, , , , , , , , , , , , , , , , , , , , , , ,r34,r34, , ,r34, ,r34, , , , , , , , , , , , , , , , , , , , , , , , , , , , , , , , , , , , , , , , , , , , ,
59,s70, , , , , , , , , ,r46,s66,s69, ,s71,s67,s68, , , , , , , , , , , , , , , , , , , , , , , , , , , , , , , , , , , , , , , , ,65, , , , , , , , , , , , , , , ,
60, , , , , , , , , , , , , , , , , , , , , , , , , , , , , , , , , , , , , , , , , , ,73, , , , , , , , , ,72, , , , , , , , , , , , , , , , , , , , ,
61, , , , , , , , , , , , , , , , , , , , , , , , , , , , , , , , , ,63, , , , ,74, , , , , , , , , , , , , , , , , , , , , , , , , , , , , , , , , , ,
62, , , , ,s75, , , , , , , , , , , , , , , , , , , , , , , , , , , , , , , , , , , , , , , , , , , , , , , , , , , , , , , , , , , , , , , , , , , , ,
63, , , , , , , , , , , , , , , , , , , , , , , , , , , , , , , , ,76, , , , , , , , , , , , , , , , , , , , ,60, , , , , , , , , , , , , , , , , , , ,
64,s70, , , , , , , , , , ,s66,s69, ,s71,s67,s68, , , , , ,r46,r46, , ,r46, ,r46, , , , , , , , , , , , , , , , , , , , , , , , , , , , ,65, , , , , , , , , , , , , , , ,
65, , , ,r47, , , , , , , , , , , , , , ,r47, , ,r47,r47, , ,r47, , , , , , , , , , , , , , , , , , , , , , , , , , , , , , , , , , , , , , , , , , , , , , , ,
66, , , ,r49, , , , , , , , , , , , , , ,r49, , ,r49,r49, , ,r49, , , , , , , , , , , , , , , , , , , , , , , , , , , , , , , , , , , , , , , , , , , , , , , ,
67, , , ,r50, , , , , , , , , , , , , , ,r50, , ,r50,r50, , ,r50, , , , , , , , , , , , , , , , , , , , , , , , , , , , , , , , , , , , , , , , , , , , , , , ,
68, , , ,r51, , , , , , , , , , , , , , ,r51, , ,r51,r51, , ,r51, , , , , , , , , , , , , , , , , , , , , , , , , , , , , , , , , , , , , , , , , , , , , , , ,
69, , , ,r52, , , , , , , , , , , , , , ,r52, , ,r52,r52, , ,r52, , , , , , , , , , , , , , , , , , , , , , , , , , , , , , , , , , , , , , , , , , , , , , , ,
70, , , ,r53, , , , , , , , , , , , , , ,r53, , ,r53,r53, , ,r53, , , , , , , , , , , , , , , , , , , , , , , , , , , , , , , , , , , , , , , , , , , , , , , ,
71, , , ,r54, , , , , , , , , , , , , , ,r54, , ,r54,r54, , ,r54, , , , , , , , , , , , , , , , , , , , , , , , , , , , , , , , , , , , , , , , , , , , , , , ,
72,r55, , , , , ,s77, ,s78, , ,r55,r55, ,r55,r55,r55, , , , , , , , , , , , , , , , , , , , , , , , , , , , , , , , , , , , , , , , , , , , , , , , , , , , , , , , ,
73, , , ,s81, , , , , , , , , , , , , , ,s85, , ,s84,s82, , ,s83, , , , , , , , , , ,80, , , , ,79, , , , , , , , , , , , , , , , , , , , , , , , , , , , , , , ,
74, , , , ,s86, , , , , , , , , , , , , , , , , , , , , , , , , , , , , , , , , , , , , , , , , , , , , , , , , , , , , , , , , , , , , , , , , , , , ,
75, , , , , , , , , , , , , , , , , , , , , , , , , , , , , , , , , , , , , , , , , , , , , , , ,87, , , , , , , , , , , , , , , , , , , , , , , , , ,
76,s70, , , ,r46, , , , , , ,s66,s69, ,s71,s67,s68, , , , , , , , , , , , , , , , , , , , , , , , , , , , , , , , , , , , , , , , ,65, , , , , , , , , , , , , , , ,
77, , , ,r56, , , , , , , , , , , , , , ,r56, , ,r56,r56, , ,r56, , , , , , , , , , , , , , , , , , , , , , , , , , , , , , , , , , , , , , , , , , , , , , , ,
78, , , ,r57, , , , , , , , , , , , , , ,r57, , ,r57,r57, , ,r57, , , , , , , , , , , , , , , , , , , , , , , , , , , , , , , , , , , , , , , , , , , , , , , ,
79, , , , , ,s88, , ,r59,s89, , , , , , , , , , , , , , , , , , , , , , , , , , , , , , , , , , , , , , , , , , , , , , , , , , , , , , , , , , , , , , , ,
80, , , , , , , , , ,r63, , , , , , , , , , , , , , , , , , , , , , , , , , , , , , , , , , , , , , , , , , , , , , , , , , , , , , , , , , , , , , , ,
81, , , , , , , , , , , , , , , , , , , , , , , , , , , , , , , , , ,63, , , , ,90, , , , , , , , , , , , , , , , , , , , , , , , , , , , , , , , , , ,
82, , , ,s93, , , , , , , , , , , , , , , , , , , , , , , , , , , , , , , ,92, , , , ,91, , , , , , , , , , , , , , , , , , , , , , , , , , , , , , , , ,
83, , , , , , , , , ,r66, , , , , , , , , , , , , , , , , , , , , , , , , , , , , , , , , , , , , , , , , , , , , , , , , , , , , , , , , , , , , , , ,
84, , , , , , , , , ,r67, , , , , , , , , , , , , , , , , , , , , , , , , , , , , , , , , , , , , , , , , , , , , , , , , , , , , , , , , , , , , , , ,
85, , , , , , , , , ,r68, , , , , , , , , , , , , , , , , , , , , , , , , , , , , , , , , , , , , , , , , , , , , , , , , , , , , , , , , , , , , , , ,
86, , , , , , , , , , , , , , , , , , , , , , , , , , , , , , , , , , , , , , , , , , , , , , , , , , , , , , , , , , , , , , , , , , , , , , , , ,94,
87, , , , , , , , , , , , , , , , , , , , , , , , , , , , , ,s95, , , , , , , , , , , , , , , , , , , , , , , , , , , , , , , ,96, , , , , , , , , , , ,
88, , , ,r60, , , , , , , , , , , , , , ,r60, , ,r60,r60, , ,r60, , , , , , , , , , , , , , , , , , , , , , , , , , , , , , , , , , , , , , , , , , , , , , , ,
89, , , ,r61, , , , , , , , , , , , , , ,r61, , ,r61,r61, , ,r61, , , , , , , , , , , , , , , , , , , , , , , , , , , , , , , , , , , , , , , , , , , , , , , ,
90, , , , ,s97, , , , , , , , , , , , , , , , , , , , , , , , , , , , , , , , , , , , , , , , , , , , , , , , , , , , , , , , , , , , , , , , , , , , ,
91, , , , , , , , , ,r65, , , , , , , , , , , , , , , , , , , , , , , , , , , , , , , , , , , , , , , , , , , , , , , , , , , , , , , , , , , , , , , ,
92, , , , , , , , , ,r69, , , , , , , , , , , , , , , , , , , , , , , , , , , , , , , , , , , , , , , , , , , , , , , , , , , , , , , , , , , , , , , ,
93, , , , , , , , , , , , , , , , , , , , , , , , , , , , , , , ,98, , , , , , , ,99, , , , , , , , , , , , , , , , , , , , , , , , , , , , , , , , , ,
94, , , , , , , , , , , , , , , , , , , , , , , , , , , , , ,s100, , , , , , , , , , , , , , , , , , , , , , , , , , , , , , , ,101, , , , , , , , , , , ,
95, , , , , , , , , , , , , , , , , ,s9, , ,s8, , , ,s7, , , , , , , , , , , , , , , , , , , , , , , , , ,102,33, , , , , , , , , , , , , , , , , ,34, , , ,
96, , , , , , , , , , , , , , , , , , , , , , , , , , , , , , , , , , , , , ,103, , , , , , , , , , , ,104, , , , , , , , , , , , , , , , , , , , , , , ,
97, , , , , , , , , ,r64, , , , , , , , , , , , , , , , , , , , , , , , , , , , , , , , , , , , , , , , , , , , , , , , , , , , , , , , , , , , , , , ,
98, , , , ,s105, , , , , , , , , , , , , , , , , , , , , , , , , , , , , , , , , , , , , , , , , , , , , , , , , , , , , , , , , , , , , , , , , , , , ,
99, , , , , , , , , , , , , , , , , , , , , , , , , , , , , , , , , ,106, , , , ,107, , , , , , , , , , , , , , , , , , , , , , , , , , , , , , , , , , ,
100, , , , , , , , , , , , , , , , , ,s9, , ,s8, , , ,s7, , , , , , , , , , , , , , , , , , , , , , , , , ,108,33, , , , , , , , , , , , , , , , , ,34, , , ,
101, , , , , , , , , , , , , , , , , , , , , , ,r37,r37, , ,r37, ,r37, , , , , , , , , , , , , , , , , , , , , , , , , , , , , , , , , , , , , , , , , , , , ,
102, , , , , , , , , , , , , , , , , , , , , , , , , , , , , , , , , , , , , , , , , , , , , , , , , , , , , , , , , , , , , , ,36,109, , , , , , , , , ,
103, , , , , , , , , , , , , , , , , , , , , , ,r40,r40, , ,r40, ,r40, , , , , , , , , , , , , , , , , , , , , , , , , , , , , , , , , , , , , , , , , , , , ,
104, , , , , , , , , , , , , , , , , , , ,s110, , , , , , , , , , , , , , , , , , , , , , , , , , , , , , , , , , , , , , , , , , , , , , , , , , , , , ,
105, , , , , , , , , ,r71, , , , , , , , , , , , , , , , , , , , , , , , , , , , , , , , , , , , , , , , , , , , , , , , , , , , , , , , , , , , , , , ,
106, , , , , , , , , , , , , , , , , , , , , , , , , , , , , , , , ,111, , , , , , , , , , , , , , , , , , , , ,60, , , , , , , , , , , , , , , , , , , ,
107, , , ,r74,r72, , , , , , , , , , , , , ,r74, , ,r74,r74, , ,r74, , , , , , , , , , , , , , , , , , , , , , , , , , , , , , , , , , , , , , , , , , , , , , , ,
108, , , , , , , , , , , , , , , , , , , , , , , , , , , , , , , , , , , , , , , , , , , , , , , , , , , , , , , , , , , , , , ,36,112, , , , , , , , , ,
109, , , , , , , , , , , , , , , , , , , , , , , , , , , , , , ,s113, , , , , , , , , , , , , , , , , , , , , , , , , , , , , , , , , , , , , , , , , , ,
110, , , , , , , , , , , , , , , , , , , , , , , , , , , , , , , , , , , , , , , , , , , , , , , , ,114, , , , , , , , , , , , , , , , , , , , , , , , ,
111,s70, , ,r46, , , , , , , ,s66,s69, ,s71,s67,s68, ,r46, , ,r46,r46, , ,r46, , , , , , , , , , , , , , , , , , , , , , , , , , , , , , , ,65, , , , , , , , , , , , , , , ,
112, , , , , , , , , , , , , , , , , , , , , , , , , , , , , , ,s115, , , , , , , , , , , , , , , , , , , , , , , , , , , , , , , , , , , , , , , , , , ,
113, , , , , , , , , , , , , , , , , , , ,r22, , ,r22,r22, , ,r22, ,r22, , , , , , , , , , , , , , , , , , , , , , , , , , , , , , , , , , , , , , , , , , , , ,
114, , , , , , , , , , , , , , , , , , , , , , , , , , , , , ,s100, , , , , , , , , , , , , , , , , , , , , , , , , , , , , , , ,116, , , , , , , , , , , ,
115, , , , , , , , , , , , , , , , , , , , , , ,r22,r22, , ,r22, ,r22, , , , , , , , , , , , , , , , , , , , , , , , , , , , , , , , , , , , , , , , , , , , ,
116, , , , , , , , , , , , , , , , , , , , , , ,r42,r42, , ,r42, ,r42, , , , , , , , , , , , , , , , , , , , , , , , , , , , , , , , , , , , , , , , , , , , ,
