State ,!=,#,(,),*,+,£¬,-,/,;,<,<=,=,==,>,>=,const_int,else,id,if,int,return,void,while,{,},ActualParamList,AddExpression,AddExpressionLoop,AssignSentence,CallCheck,CallFunction,ConstValue,ElseSentenceBlock,Expression,ExpressionLoop,FTYPE,Factor,FactorLoop,FormalParam,FormalParamList,FunctionBegin,FunctionEnd,FunctionStmt,IfSentence,If_M1,If_M2,If_N,InternalStmt,InternalVariableStmt,Item,ItemLoop,Param,ParamLoop,Program,Relop,ReturnExpression,ReturnSentence,SB_M,Sentence,SentenceBlock,SentenceLoop,SentenceString,Stmt,StmtLoop,StmtString,StmtType,VariableStmt,WhileSentence,While_M1,While_M2,
0, , , , , , , , , , , , , , , , , , , , ,r4, ,r4, , , , , , , , , , , , , , , , , , , , , , , , , , , , , , , ,1, , , , , , , , , ,3,2, , , , , ,
1, ,acc , , , , , , , , , , , , , , , , , , , , , , , , , , , , , , , , , , , , , , , , , , , , , , , , , , , , , , , , , , , , , , , , , , , , ,
2, ,r1, , , , , , , , , , , , , , , , , , , , , , , , , , , , , , , , , , , , , , , , , , , , , , , , , , , , , , , , , , , , , , , , , , , , , ,
3, , , , , , , , , , , , , , , , , , , , ,s5, ,s6, , , , , , , , , , , , , , , , , , , , , , , , , , , , , , , , , , , , , , , , ,4, , , , , , , ,
4, ,r2, , , , , , , , , , , , , , , , , , ,r3, ,r3, , , , , , , , , , , , , , , , , , , , , , , , , , , , , , , , , , , , , , , , , , , , , , , , ,
5, , , , , , , , , , , , , , , , , , ,s7, , , , , , , , , , , , , , , , , , , , , , , , , , , , , , , , , , , , , , , , , , , , , , , , , , , , ,
6, , , , , , , , , , , , , , , , , , ,s8, , , , , , , , , , , , , , , , , , , , , , , , , , , , , , , , , , , , , , , , , , , , , , , , , , , , ,
7, , ,r9, , , , , , ,s12, , , , , , , , , , , , , , , , , , , , , , , , , , , , , , , ,11, , , , , , , , , , , , , , , , , , , , , , , , ,9,10, , , ,
8, , ,r9, , , , , , , , , , , , , , , , , , , , , , , , , , , , , , , , , , , , , , ,13, , , , , , , , , , , , , , , , , , , , , , , , , , , , , ,
9, ,r5, , , , , , , , , , , , , , , , , , ,r5, ,r5, , , , , , , , , , , , , , , , , , , , , , , , , , , , , , , , , , , , , , , , , , , , , , , , ,
10, ,r7, , , , , , , , , , , , , , , , , , ,r7, ,r7, , , , , , , , , , , , , , , , , , , , , , , , , , , , , , , , , , , , , , , , , , , , , , , , ,
11, , ,s15, , , , , , , , , , , , , , , , , , , , , , , , , , , , , , , , , , , , , , , , ,14, , , , , , , , , , , , , , , , , , , , , , , , , , , ,
12, ,r10, , , , , , , , , , , , , , , , , , ,r10, ,r10, , , , , , , , , , , , , , , , , , , , , , , , , , , , , , , , , , , , , , , , , , , , , , , , ,
13, , ,s15, , , , , , , , , , , , , , , , , , , , , , , , , , , , , , , , , , , , , , , , ,16, , , , , , , , , , , , , , , , , , , , , , , , , , , ,
14, ,r8, , , , , , , , , , , , , , , , , , ,r8, ,r8, , , , , , , , , , , , , , , , , , , , , , , , , , , , , , , , , , , , , , , , , , , , , , , , ,
15, , , ,r15, , , , , , , , , , , , , , , , ,r18, ,s19, , , , , , , , , , , , , , , , ,17,18, , , , , , , , , , , , ,20, , , , , , , , , , , , , , , , , ,
16, ,r6, , , , , , , , , , , , , , , , , , ,r6, ,r6, , , , , , , , , , , , , , , , , , , , , , , , , , , , , , , , , , , , , , , , , , , , , , , , ,
17, , , ,s21, , , , , , , , , , , , , , , , , , , , , , , , , , , , , , , , , , , , , , , , , , , , , , , , , , , , , , , , , , , , , , , , , , , ,
18, , , ,r13, , , , , , , , , , , , , , , , , , , , , , , , , , , , , , , , , , , , , , , , , , , , , , , , , , , , , , , , , , , , , , , , , , , ,
19, , , ,r14, , , , , , , , , , , , , , , , , , , , , , , , , , , , , , , , , , , , , , , , , , , , , , , , , , , , , , , , , , , , , , , , , , , ,
20, , , , , , , , , , , , , , , , , , , , ,s23, , , , , , , , , , , , , , , , , , , , , , , , , , , , , , , ,22, , , , , , , , , , , , , , , , , , ,
21, , , , , , , , , , , , , , , , , , , , , , , , ,r21, , , , , , , , , , , , , , , , , , , , , , , , , , , , , , , , , ,25, ,24, , , , , , , , , , ,
22, , , ,r16, , ,s26, , , , , , , , , , , , , , , , , , , , , , , , , , , , , , , , , , , , , , , , , , , , , , , , , , , , , , , , , , , , , , , , ,
23, , , , , , , , , , , , , , , , , , ,s27, , , , , , , , , , , , , , , , , , , , , , , , , , , , , , , , , , , , , , , , , , , , , , , , , , , , ,
24, ,r12, , , , , , , , , , , , , , , , , , ,r12, ,r12, , , , , , , , , , , , , , , , , , , ,28, , , , , , , , , , , , , , , , , , , , , , , , , , , , ,
25, , , , , , , , , , , , , , , , , , , , , , , , ,s29, , , , , , , , , , , , , , , , , , , , , , , , , , , , , , , , , , , , , , , , , , , , , , ,
26, , , , , , , , , , , , , , , , , , , , ,r17, , , , , , , , , , , , , , , , , , , , , , , , , , , , , , , , , , , , , , , , , , , , , , , , , , ,
27, , , ,r19, , ,r19, , , , , , , , , , , , , , , , , , , , , , , , , , , , , , , , , , , , , , , , , , , , , , , , , , , , , , , , , , , , , , , , ,
28, ,r11, , , , , , , , , , , , , , , , , , ,r11, ,r11, , , , , , , , , , , , , , , , , , , , , , , , , , , , , , , , , , , , , , , , , , , , , , , , ,
29, , , , , , , , , , , , , , , , , , ,r22,r22,s32,r22, ,r22, , , , , , , , , , , , , , , , , , , , , , , , ,30,31, , , , , , , , , , , , , , , , , , , , , ,
30, , , , , , , , , , , , , , , , , , ,r27,r27, ,r27, ,r27, , , , , , , , , , , , , , , , , , , , , , , , , , , , , , , , , , , , , ,34,33, , , , , , , , ,
31, , , , , , , , , ,s35, , , , , , , , , , , , , , , , , , , , , , , , , , , , , , , , , , , , , , , , , , , , , , , , , , , , , , , , , , , , , ,
32, , , , , , , , , , , , , , , , , , ,s36, , , , , , , , , , , , , , , , , , , , , , , , , , , , , , , , , , , , , , , , , , , , , , , , , , , , ,
33, , , , , , , , , , , , , , , , , , , , , , , , , ,s37, , , , , , , , , , , , , , , , , , , , , , , , , , , , , , , , , , , , , , , , , , , , , ,
34, , , , , , , , , , , , , , , , , , ,s43,s46, ,s44, ,s45, , , , , ,42, , , , , , , , , , , , , , ,39, , , , , , , , , , , , ,41, ,38, , , , , , , , ,40, , ,
35, , , , , , , , , , , , , , , , , , ,r22,r22,s32,r22, ,r22, , , , , , , , , , , , , , , , , , , , , , , , ,47,31, , , , , , , , , , , , , , , , , , , , , ,
36, , , , , , , , , ,r24, , , , , , , , , , , , , , , , , , , , , , , , , , , , , , , , , , , , , , , , , , , , , , , , , , , , , , , , , , , , , ,
37, ,r20, , , , , , , , , , , , , , , , , , ,r20, ,r20, , , , , , , , , , , , , , , , , , , , , , , , , , , , , , , , , , , , , , , , , , , , , , , , ,
38, , , , , , , , , , , , , , , , , , ,r26,r26, ,r26, ,r26, ,r25, , , , , , , , , , , , , , , , , , , , , , , , , , , , , , , , , , , , , , , , , , , , , ,
39, , , , , , , , , , , , , , , , , , ,r28,r28, ,r28, ,r28, ,r28, , , , , , , , , , , , , , , , , , , , , , , , , , , , , , , , , , , , , , , , , , , , , ,
40, , , , , , , , , , , , , , , , , , ,r29,r29, ,r29, ,r29, ,r29, , , , , , , , , , , , , , , , , , , , , , , , , , , , , , , , , , , , , , , , , , , , , ,
41, , , , , , , , , , , , , , , , , , ,r30,r30, ,r30, ,r30, ,r30, , , , , , , , , , , , , , , , , , , , , , , , , , , , , , , , , , , , , , , , , , , , , ,
42, , , , , , , , , , , , , , , , , , ,r31,r31, ,r31, ,r31, ,r31, , , , , , , , , , , , , , , , , , , , , , , , , , , , , , , , , , , , , , , , , , , , , ,
43, , , , , , , , , , , , ,s48, , , , , , , , , , , , , , , , , , , , , , , , , , , , , , , , , , , , , , , , , , , , , , , , , , , , , , , , , , ,
44, , ,r47, , , , , , ,r35, , , , , , ,r47, ,r47, , , , , , , , , ,51, , , , , ,50, , , , , , , , , , , , , , , , , , , , , ,49, , , , , , , , , , , , , , ,
45, , ,r37, , , , , , , , , , , , , , , , , , , , , , , , , , , , , , , , , , , , , , , , , , , , , , , , , , , , , , , , , , , , , , , , , , ,52, ,
46, , ,s53, , , , , , , , , , , , , , , , , , , , , , , , , , , , , , , , , , , , , , , , , , , , , , , , , , , , , , , , , , , , , , , , , , , , ,
47, , , , , , , , , , , , , , , , , , ,r23,r23, ,r23, ,r23, , , , , , , , , , , , , , , , , , , , , , , , , , , , , , , , , , , , , , , , , , , , , , , ,
48, , ,r47, , , , , , , , , , , , , ,r47, ,r47, , , , , , , , , ,51, , , , , ,54, , , , , , , , , , , , , , , , , , , , , , , , , , , , , , , , , , , , ,
49, , , , , , , , , ,s55, , , , , , , , , , , , , , , , , , , , , , , , , , , , , , , , , , , , , , , , , , , , , , , , , , , , , , , , , , , , , ,
50, , , , , , , , , ,r34, , , , , , , , , , , , , , , , , , , , , , , , , , , , , , , , , , , , , , , , , , , , , , , , , , , , , , , , , , , , , ,
51, , ,r57, , , , , , , , , , , , , ,r57, ,r57, , , , , , , , ,56, , , , , , , , , , , , , , , , , , , , , , , ,57, , , , , , , , , , , , , , , , , , , ,
52, , ,s58, , , , , , , , , , , , , , , , , , , , , , , , , , , , , , , , , , , , , , , , , , , , , , , , , , , , , , , , , , , , , , , , , , , , ,
53, , ,r47, , , , , , , , , , , , , ,r47, ,r47, , , , , , , , , ,60, , , , , ,59, , , , , , , , , , , , , , , , , , , , , , , , , , , , , , , , , , , , ,
54, , , , , , , , , ,s61, , , , , , , , , , , , , , , , , , , , , , , , , , , , , , , , , , , , , , , , , , , , , , , , , , , , , , , , , , , , , ,
55, , , , , , , , , , , , , , , , , , ,r33,r33, ,r33, ,r33, ,r33, , , , , , , , , , , , , , , , , , , , , , , , , , , , , , , , , , , , , , , , , , , , , ,
56,s67, , , , , , , , ,r45,s63,s66, ,s68,s64,s65, , , , , , , , , , , , , , , , , , , , , , , , , , , , , , , , , , , , , , , ,62, , , , , , , , , , , , , , , ,
57, , ,r61, , , , , , , , , , , , , ,r61, ,r61, , , , , , , , , , , , , , , , , , , ,70, , , , , , , , , , , ,69, , , , , , , , , , , , , , , , , , , , ,
58, , ,r47, , , , , , , , , , , , , ,r47, ,r47, , , , , , , , , ,60, , , , , ,71, , , , , , , , , , , , , , , , , , , , , , , , , , , , , , , , , , , , ,
59, , , ,s72, , , , , , , , , , , , , , , , , , , , , , , , , , , , , , , , , , , , , , , , , , , , , , , , , , , , , , , , , , , , , , , , , , , ,
60, , ,r57, , , , , , , , , , , , , ,r57, ,r57, , , , , , , , ,73, , , , , , , , , , , , , , , , , , , , , , , ,74, , , , , , , , , , , , , , , , , , , ,
61, , , , , , , , , , , , , , , , , , ,r32,r32, ,r32, ,r32, ,r32, , , , , , , , , , , , , , , , , , , , , , , , , , , , , , , , , , , , , , , , , , , , , ,
62, , ,r46, , , , , , , , , , , , , ,r46, ,r46, , , , , , , , , , , , , , , , , , , , , , , , , , , , , , , , , , , , , , , , , , , , , , , , , , , , ,
63, , ,r48, , , , , , , , , , , , , ,r48, ,r48, , , , , , , , , , , , , , , , , , , , , , , , , , , , , , , , , , , , , , , , , , , , , , , , , , , , ,
64, , ,r49, , , , , , , , , , , , , ,r49, ,r49, , , , , , , , , , , , , , , , , , , , , , , , , , , , , , , , , , , , , , , , , , , , , , , , , , , , ,
65, , ,r50, , , , , , , , , , , , , ,r50, ,r50, , , , , , , , , , , , , , , , , , , , , , , , , , , , , , , , , , , , , , , , , , , , , , , , , , , , ,
66, , ,r51, , , , , , , , , , , , , ,r51, ,r51, , , , , , , , , , , , , , , , , , , , , , , , , , , , , , , , , , , , , , , , , , , , , , , , , , , , ,
67, , ,r52, , , , , , , , , , , , , ,r52, ,r52, , , , , , , , , , , , , , , , , , , , , , , , , , , , , , , , , , , , , , , , , , , , , , , , , , , , ,
68, , ,r53, , , , , , , , , , , , , ,r53, ,r53, , , , , , , , , , , , , , , , , , , , , , , , , , , , , , , , , , , , , , , , , , , , , , , , , , , , ,
69,r54, , , , ,s75, ,s76, ,r54,r54,r54, ,r54,r54,r54, , , , , , , , , , , , , , , , , , , , , , , , , , , , , , , , , , , , , , , , , , , , , , , , , , , , , , , ,
70, , ,s79, , , , , , , , , , , , , ,s81, ,s80, , , , , , , , , , , , , ,78, , , , ,77, , , , , , , , , , , , , , , , , , , , , , , , , , , , , , , , , ,
71, , , ,s82, , , , , , , , , , , , , , , , , , , , , , , , , , , , , , , , , , , , , , , , , , , , , , , , , , , , , , , , , , , , , , , , , , , ,
72, , , , , , , , , , , , , , , , , , , , , , , , ,r42, , , , , , , , , , , , , , , , , , , , ,83, , , , , , , , , , , , , , , , , , , , , , , , , ,
73,s67, , ,r45, , , , , , ,s63,s66, ,s68,s64,s65, , , , , , , , , , , , , , , , , , , , , , , , , , , , , , , , , , , , , , , ,62, , , , , , , , , , , , , , , ,
74, , ,r61, , , , , , , , , , , , , ,r61, ,r61, , , , , , , , , , , , , , , , , , , ,85, , , , , , , , , , , ,84, , , , , , , , , , , , , , , , , , , , ,
75, , ,r55, , , , , , , , , , , , , ,r55, ,r55, , , , , , , , , , , , , , , , , , , , , , , , , , , , , , , , , , , , , , , , , , , , , , , , , , , , ,
76, , ,r56, , , , , , , , , , , , , ,r56, ,r56, , , , , , , , , , , , , , , , , , , , , , , , , , , , , , , , , , , , , , , , , , , , , , , , , , , , ,
77,r58, , , ,s86,r58, ,r58,s87,r58,r58,r58, ,r58,r58,r58, , , , , , , , , , , , , , , , , , , , , , , , , , , , , , , , , , , , , , , , , , , , , , , , , , , , , , , ,
78,r62, , , ,r62,r62, ,r62,r62,r62,r62,r62, ,r62,r62,r62, , , , , , , , , , , , , , , , , , , , , , , , , , , , , , , , , , , , , , , , , , , , , , , , , , , , , , , ,
79, , ,r47, , , , , , , , , , , , , ,r47, ,r47, , , , , , , , , ,60, , , , , ,88, , , , , , , , , , , , , , , , , , , , , , , , , , , , , , , , , , , , ,
80,r66, ,s91, ,r66,r66, ,r66,r66,r66,r66,r66, ,r66,r66,r66, , , , , , , , , , , , , , , ,90, , , , ,89, , , , , , , , , , , , , , , , , , , , , , , , , , , , , , , , , , ,
81,r73, , , ,r73,r73, ,r73,r73,r73,r73,r73, ,r73,r73,r73, , , , , , , , , , , , , , , , , , , , , , , , , , , , , , , , , , , , , , , , , , , , , , , , , , , , , , , ,
82, , , , , , , , , , , , , , , , , , , , , , , , ,r38, , , , , , , , , , , , , , , , , , , , , , , , , , , , , , , , , , , , , , , , , , , , , ,92,
83, , , , , , , , , , , , , , , , , , , , , , , , ,r21, , , , , , , , , , , , , , , , , , , , , , , , , , , , , , , , , ,93, ,94, , , , , , , , , , ,
84,r54, , ,r54, ,s75, ,s76, , ,r54,r54, ,r54,r54,r54, , , , , , , , , , , , , , , , , , , , , , , , , , , , , , , , , , , , , , , , , , , , , , , , , , , , , , , ,
85, , ,s97, , , , , , , , , , , , , ,s99, ,s98, , , , , , , , , , , , , ,96, , , , ,95, , , , , , , , , , , , , , , , , , , , , , , , , , , , , , , , , ,
86, , ,r59, , , , , , , , , , , , , ,r59, ,r59, , , , , , , , , , , , , , , , , , , , , , , , , , , , , , , , , , , , , , , , , , , , , , , , , , , , ,
87, , ,r60, , , , , , , , , , , , , ,r60, ,r60, , , , , , , , , , , , , , , , , , , , , , , , , , , , , , , , , , , , , , , , , , , , , , , , , , , , ,
88, , , ,s100, , , , , , , , , , , , , , , , , , , , , , , , , , , , , , , , , , , , , , , , , , , , , , , , , , , , , , , , , , , , , , , , , , , ,
89,r64, , , ,r64,r64, ,r64,r64,r64,r64,r64, ,r64,r64,r64, , , , , , , , , , , , , , , , , , , , , , , , , , , , , , , , , , , , , , , , , , , , , , , , , , , , , , , ,
90,r65, , , ,r65,r65, ,r65,r65,r65,r65,r65, ,r65,r65,r65, , , , , , , , , , , , , , , , , , , , , , , , , , , , , , , , , , , , , , , , , , , , , , , , , , , , , , , ,
91, , ,r68,r68, , , , , , , , , , , , ,r68, ,r68, , , , , , , , , , , ,101, , , , , , , , , , , , , , , , , , , , , , , , , , , , , , , , , , , , , , , , ,
92, , , , , , , , , , , , , , , , , , , , , , , , ,r21, , , , , , , , , , , , , , , , , , , , , , , , , , , , , , , , , ,102, ,103, , , , , , , , , , ,
93, , , , , , , , , , , , , , , , , , , , , , , , ,s104, , , , , , , , , , , , , , , , , , , , , , , , , , , , , , , , , , , , , , , , , , , , , , ,
94, , , , , , , , , , , , , , , , , ,r43,r40,r40, ,r40, ,r40, ,r40, , , , , , , ,105, , , , , , , , , , , , , ,106, , , , , , , , , , , , , , , , , , , , , , , ,
95,r58, , ,r58,s86,r58, ,r58,s87, ,r58,r58, ,r58,r58,r58, , , , , , , , , , , , , , , , , , , , , , , , , , , , , , , , , , , , , , , , , , , , , , , , , , , , , , , ,
96,r62, , ,r62,r62,r62, ,r62,r62, ,r62,r62, ,r62,r62,r62, , , , , , , , , , , , , , , , , , , , , , , , , , , , , , , , , , , , , , , , , , , , , , , , , , , , , , , ,
97, , ,r47, , , , , , , , , , , , , ,r47, ,r47, , , , , , , , , ,60, , , , , ,107, , , , , , , , , , , , , , , , , , , , , , , , , , , , , , , , , , , , ,
98,r66, ,s110,r66,r66,r66, ,r66,r66, ,r66,r66, ,r66,r66,r66, , , , , , , , , , , , , , , ,109, , , , ,108, , , , , , , , , , , , , , , , , , , , , , , , , , , , , , , , , , ,
99,r73, , ,r73,r73,r73, ,r73,r73, ,r73,r73, ,r73,r73,r73, , , , , , , , , , , , , , , , , , , , , , , , , , , , , , , , , , , , , , , , , , , , , , , , , , , , , , , ,
100,r63, , , ,r63,r63, ,r63,r63,r63,r63,r63, ,r63,r63,r63, , , , , , , , , , , , , , , , , , , , , , , , , , , , , , , , , , , , , , , , , , , , , , , , , , , , , , , ,
101, , ,r72,r70, , , , , , , , , , , , ,r72, ,r72, , , , , , , , 111, , , , , , , , ,112, , , , , , , , , , , , , , , , , , , , , , , , , , , , , , , , , , , ,
102, , , , , , , , , , , , , , , , , , , , , , , , ,s113, , , , , , , , , , , , , , , , , , , , , , , , , , , , , , , , , , , , , , , , , , , , , , ,
103, , , , , , , , , , , , , , , , , , ,r36,r36, ,r36, ,r36, ,r36, , , , , , , , , , , , , , , , , , , , , , , , , , , , , , , , , , , , , , , , , , , , , ,
104, , , , , , , , , , , , , , , , , , ,r22,r22,s32,r22, ,r22, , , , , , , , , , , , , , , , , , , , , , , , ,114,31, , , , , , , , , , , , , , , , , , , , , ,
105, , , , , , , , , , , , , , , , , , ,r39,r39, ,r39, ,r39, ,r39, , , , , , , , , , , , , , , , , , , , , , , , , , , , , , , , , , , , , , , , , , , , , ,
106, , , , , , , , , , , , , , , , , ,s115, , , , , , , , , , , , , , , , , , , , , , , , , , , , , , , , , , , , , , , , , , , , , , , , , , , , , ,
107, , , ,s116, , , , , , , , , , , , , , , , , , , , , , , , , , , , , , , , , , , , , , , , , , , , , , , , , , , , , , , , , , , , , , , , , , , ,
108,r64, , ,r64,r64,r64, ,r64,r64, ,r64,r64, ,r64,r64,r64, , , , , , , , , , , , , , , , , , , , , , , , , , , , , , , , , , , , , , , , , , , , , , , , , , , , , , , ,
109,r65, , ,r65,r65,r65, ,r65,r65, ,r65,r65, ,r65,r65,r65, , , , , , , , , , , , , , , , , , , , , , , , , , , , , , , , , , , , , , , , , , , , , , , , , , , , , , , ,
110, , ,r68,r68, , , , , , , , , , , , ,r68, ,r68, , , , , , , , , , , ,117, , , , , , , , , , , , , , , , , , , , , , , , , , , , , , , , , , , , , , , , ,
111, , , ,s118, , , , , , , , , , , , , , , , , , , , , , , , , , , , , , , , , , , , , , , , , , , , , , , , , , , , , , , , , , , , , , , , , , , ,
112, , ,r47, , , , , , , , , , , , , ,r47, ,r47, , , , , , , , , ,119, , , , , ,120, , , , , , , , , , , , , , , , , , , , , , , , , , , , , , , , , , , , ,
113, , , , , , , , , , , , , , , , , , ,r22,r22,s32,r22, ,r22, , , , , , , , , , , , , , , , , , , , , , , , ,121,31, , , , , , , , , , , , , , , , , , , , , ,
114, , , , , , , , , , , , , , , , , , ,r27,r27, ,r27, ,r27, , , , , , , , , , , , , , , , , , , , , , , , , , , , , , , , , , , , , ,34,122, , , , , , , , ,
115, , , , , , , , , , , , , , , , , , , , , , , , ,r44, , , , , , , , , , , , , , , , , , , , , ,123, , , , , , , , , , , , , , , , , , , , , , , , ,
116,r63, , ,r63,r63,r63, ,r63,r63, ,r63,r63, ,r63,r63,r63, , , , , , , , , , , , , , , , , , , , , , , , , , , , , , , , , , , , , , , , , , , , , , , , , , , , , , , ,
117, , ,r72,r70, , , , , , , , , , , , ,r72, ,r72, , , , , , , , 124, , , , , , , , ,112, , , , , , , , , , , , , , , , , , , , , , , , , , , , , , , , , , , ,
118,r67, , , ,r67,r67, ,r67,r67,r67,r67,r67, ,r67,r67,r67, , , , , , , , , , , , , , , , , , , , , , , , , , , , , , , , , , , , , , , , , , , , , , , , , , , , , , , ,
119, , ,r57, , , , , , , , , , , , , ,r57, ,r57, , , , , , , , ,125, , , , , , , , , , , , , , , , , , , , , , , ,126, , , , , , , , , , , , , , , , , , , ,
120, , , ,r69, , ,s127, , , , , , , , , , , , , , , , , , , , , , , , , , , , , , , , , , , , , , , , , , , , , , , , , , , , , , , , , , , , , , , , ,
121, , , , , , , , , , , , , , , , , , ,r27,r27, ,r27, ,r27, , , , , , , , , , , , , , , , , , , , , , , , , , , , , , , , , , , , , ,34,128, , , , , , , , ,
122, , , , , , , , , , , , , , , , , , , , , , , , , ,s129, , , , , , , , , , , , , , , , , , , , , , , , , , , , , , , , , , , , , , , , , , , , , ,
123, , , , , , , , , , , , , , , , , , , , , , , , ,r21, , , , , , , , , , , , , , , , , , , , , , , , , , , , , , , , , ,102, ,130, , , , , , , , , , ,
124, , , ,s131, , , , , , , , , , , , , , , , , , , , , , , , , , , , , , , , , , , , , , , , , , , , , , , , , , , , , , , , , , , , , , , , , , , ,
125,s67, , ,r45, , ,r45, , , ,s63,s66, ,s68,s64,s65, , , , , , , , , , , , , , , , , , , , , , , , , , , , , , , , , , , , , , , ,62, , , , , , , , , , , , , , , ,
126, , ,r61, , , , , , , , , , , , , ,r61, ,r61, , , , , , , , , , , , , , , , , , , ,133, , , , , , , , , , , ,132, , , , , , , , , , , , , , , , , , , , ,
127, , ,r71, , , , , , , , , , , , , ,r71, ,r71, , , , , , , , , , , , , , , , , , , , , , , , , , , , , , , , , , , , , , , , , , , , , , , , , , , , ,
128, , , , , , , , , , , , , , , , , , , , , , , , , ,s134, , , , , , , , , , , , , , , , , , , , , , , , , , , , , , , , , , , , , , , , , , , , , ,
129, , , , , , , , , , , , , , , , , ,r20,r20,r20, ,r20, ,r20, ,r20, , , , , , , , , , , , , , , , , , , , , , , , , , , , , , , , , , , , , , , , , , , , , ,
130, , , , , , , , , , , , , , , , , , ,r41,r41, ,r41, ,r41, ,r41, , , , , , , , , , , , , , , , , , , , , , , , , , , , , , , , , , , , , , , , , , , , , ,
131,r67, , ,r67,r67,r67, ,r67,r67, ,r67,r67, ,r67,r67,r67, , , , , , , , , , , , , , , , , , , , , , , , , , , , , , , , , , , , , , , , , , , , , , , , , , , , , , , ,
132,r54, , ,r54, ,s75,r54,s76, , ,r54,r54, ,r54,r54,r54, , , , , , , , , , , , , , , , , , , , , , , , , , , , , , , , , , , , , , , , , , , , , , , , , , , , , , , ,
133, , ,s137, , , , , , , , , , , , , ,s139, ,s138, , , , , , , , , , , , , ,136, , , , ,135, , , , , , , , , , , , , , , , , , , , , , , , , , , , , , , , , ,
134, , , , , , , , , , , , , , , , , , ,r20,r20, ,r20, ,r20, ,r20, , , , , , , , , , , , , , , , , , , , , , , , , , , , , , , , , , , , , , , , , , , , , ,
135,r58, , ,r58,s86,r58,r58,r58,s87, ,r58,r58, ,r58,r58,r58, , , , , , , , , , , , , , , , , , , , , , , , , , , , , , , , , , , , , , , , , , , , , , , , , , , , , , , ,
136,r62, , ,r62,r62,r62,r62,r62,r62, ,r62,r62, ,r62,r62,r62, , , , , , , , , , , , , , , , , , , , , , , , , , , , , , , , , , , , , , , , , , , , , , , , , , , , , , , ,
137, , ,r47, , , , , , , , , , , , , ,r47, ,r47, , , , , , , , , ,60, , , , , ,140, , , , , , , , , , , , , , , , , , , , , , , , , , , , , , , , , , , , ,
138,r66, ,s143,r66,r66,r66,r66,r66,r66, ,r66,r66, ,r66,r66,r66, , , , , , , , , , , , , , , ,142, , , , ,141, , , , , , , , , , , , , , , , , , , , , , , , , , , , , , , , , , ,
139,r73, , ,r73,r73,r73,r73,r73,r73, ,r73,r73, ,r73,r73,r73, , , , , , , , , , , , , , , , , , , , , , , , , , , , , , , , , , , , , , , , , , , , , , , , , , , , , , , ,
140, , , ,s144, , , , , , , , , , , , , , , , , , , , , , , , , , , , , , , , , , , , , , , , , , , , , , , , , , , , , , , , , , , , , , , , , , , ,
141,r64, , ,r64,r64,r64,r64,r64,r64, ,r64,r64, ,r64,r64,r64, , , , , , , , , , , , , , , , , , , , , , , , , , , , , , , , , , , , , , , , , , , , , , , , , , , , , , , ,
142,r65, , ,r65,r65,r65,r65,r65,r65, ,r65,r65, ,r65,r65,r65, , , , , , , , , , , , , , , , , , , , , , , , , , , , , , , , , , , , , , , , , , , , , , , , , , , , , , , ,
143, , ,r68,r68, , , , , , , , , , , , ,r68, ,r68, , , , , , , , , , , ,145, , , , , , , , , , , , , , , , , , , , , , , , , , , , , , , , , , , , , , , , ,
144,r63, , ,r63,r63,r63,r63,r63,r63, ,r63,r63, ,r63,r63,r63, , , , , , , , , , , , , , , , , , , , , , , , , , , , , , , , , , , , , , , , , , , , , , , , , , , , , , , ,
145, , ,r72,r70, , , , , , , , , , , , ,r72, ,r72, , , , , , , , 146, , , , , , , , ,112, , , , , , , , , , , , , , , , , , , , , , , , , , , , , , , , , , , ,
146, , , ,s147, , , , , , , , , , , , , , , , , , , , , , , , , , , , , , , , , , , , , , , , , , , , , , , , , , , , , , , , , , , , , , , , , , , ,
147,r67, , ,r67,r67,r67,r67,r67,r67, ,r67,r67, ,r67,r67,r67, , , , , , , , , , , , , , , , , , , , , , , , , , , , , , , , , , , , , , , , , , , , , , , , , , , , , , , ,
